Workbook

Sheet Sales
A1: ERICAHLICIOUS BREW AND BAKE - DAILY SALES TRANSACTION
A2: Date: July 20, 2026
A3: Transaction ID | B3: Date | C3: Time | D3: Menu Item | E3: Category | F3: Qty | G3: Unit Price (₱) | H3: Total (₱)
A4: =IF($D4="","","TXN-"&TEXT(ROW()-3,"0000")) | B4: 7/20/2026 | C4: 8:15 AM | D4: Spanish Latte | E4: =IF($D4="","",IFERROR(VLOOKUP($D4,Products!$A:$C,2,FALSE),"")) | F4: 7 | G4: =IF($D4="","",IFERROR(VLOOKUP($D4,Products!$A:$C,3,FALSE),"")) | H4: =IF(OR($D4="",$F4=""),"",$F4*$G4)
A5: =IF($D5="","","TXN-"&TEXT(ROW()-3,"0000")) | B5: 7/20/2026 | C5: 9:10 AM | D5: Cheesy Bacon Fries | E5: =IF($D5="","",IFERROR(VLOOKUP($D5,Products!$A:$C,2,FALSE),"")) | F5: 4 | G5: =IF($D5="","",IFERROR(VLOOKUP($D5,Products!$A:$C,3,FALSE),"")) | H5: =IF(OR($D5="",$F5=""),"",$F5*$G5)
A6: =IF($D6="","","TXN-"&TEXT(ROW()-3,"0000")) | B6: 7/20/2026 | C6: 10:05 AM | D6: Sans Rival | E6: =IF($D6="","",IFERROR(VLOOKUP($D6,Products!$A:$C,2,FALSE),"")) | F6: 2 | G6: =IF($D6="","",IFERROR(VLOOKUP($D6,Products!$A:$C,3,FALSE),"")) | H6: =IF(OR($D6="",$F6=""),"",$F6*$G6)
A7: =IF($D7="","","TXN-"&TEXT(ROW()-3,"0000")) | B7: 7/20/2026 | C7: 11:40 AM | D7: Flavored Americano | E7: =IF($D7="","",IFERROR(VLOOKUP($D7,Products!$A:$C,2,FALSE),"")) | F7: 6 | G7: =IF($D7="","",IFERROR(VLOOKUP($D7,Products!$A:$C,3,FALSE),"")) | H7: =IF(OR($D7="",$F7=""),"",$F7*$G7)
A8: =IF($D8="","","TXN-"&TEXT(ROW()-3,"0000")) | E8: =IF($D8="","",IFERROR(VLOOKUP($D8,Products!$A:$C,2,FALSE),"")) | G8: =IF($D8="","",IFERROR(VLOOKUP($D8,Products!$A:$C,3,FALSE),"")) | H8: =IF(OR($D8="",$F8=""),"",$F8*$G8)
A9: =IF($D9="","","TXN-"&TEXT(ROW()-3,"0000")) | E9: =IF($D9="","",IFERROR(VLOOKUP($D9,Products!$A:$C,2,FALSE),"")) | G9: =IF($D9="","",IFERROR(VLOOKUP($D9,Products!$A:$C,3,FALSE),"")) | H9: =IF(OR($D9="",$F9=""),"",$F9*$G9)
A10: =IF($D10="","","TXN-"&TEXT(ROW()-3,"0000")) | E10: =IF($D10="","",IFERROR(VLOOKUP($D10,Products!$A:$C,2,FALSE),"")) | G10: =IF($D10="","",IFERROR(VLOOKUP($D10,Products!$A:$C,3,FALSE),"")) | H10: =IF(OR($D10="",$F10=""),"",$F10*$G10)
A11: =IF($D11="","","TXN-"&TEXT(ROW()-3,"0000")) | E11: =IF($D11="","",IFERROR(VLOOKUP($D11,Products!$A:$C,2,FALSE),"")) | G11: =IF($D11="","",IFERROR(VLOOKUP($D11,Products!$A:$C,3,FALSE),"")) | H11: =IF(OR($D11="",$F11=""),"",$F11*$G11)
A12: =IF($D12="","","TXN-"&TEXT(ROW()-3,"0000")) | E12: =IF($D12="","",IFERROR(VLOOKUP($D12,Products!$A:$C,2,FALSE),"")) | G12: =IF($D12="","",IFERROR(VLOOKUP($D12,Products!$A:$C,3,FALSE),"")) | H12: =IF(OR($D12="",$F12=""),"",$F12*$G12)
A13: =IF($D13="","","TXN-"&TEXT(ROW()-3,"0000")) | E13: =IF($D13="","",IFERROR(VLOOKUP($D13,Products!$A:$C,2,FALSE),"")) | G13: =IF($D13="","",IFERROR(VLOOKUP($D13,Products!$A:$C,3,FALSE),"")) | H13: =IF(OR($D13="",$F13=""),"",$F13*$G13)
A14: =IF($D14="","","TXN-"&TEXT(ROW()-3,"0000")) | E14: =IF($D14="","",IFERROR(VLOOKUP($D14,Products!$A:$C,2,FALSE),"")) | G14: =IF($D14="","",IFERROR(VLOOKUP($D14,Products!$A:$C,3,FALSE),"")) | H14: =IF(OR($D14="",$F14=""),"",$F14*$G14)
A15: =IF($D15="","","TXN-"&TEXT(ROW()-3,"0000")) | E15: =IF($D15="","",IFERROR(VLOOKUP($D15,Products!$A:$C,2,FALSE),"")) | G15: =IF($D15="","",IFERROR(VLOOKUP($D15,Products!$A:$C,3,FALSE),"")) | H15: =IF(OR($D15="",$F15=""),"",$F15*$G15)
A16: =IF($D16="","","TXN-"&TEXT(ROW()-3,"0000")) | E16: =IF($D16="","",IFERROR(VLOOKUP($D16,Products!$A:$C,2,FALSE),"")) | G16: =IF($D16="","",IFERROR(VLOOKUP($D16,Products!$A:$C,3,FALSE),"")) | H16: =IF(OR($D16="",$F16=""),"",$F16*$G16)
A17: =IF($D17="","","TXN-"&TEXT(ROW()-3,"0000")) | E17: =IF($D17="","",IFERROR(VLOOKUP($D17,Products!$A:$C,2,FALSE),"")) | G17: =IF($D17="","",IFERROR(VLOOKUP($D17,Products!$A:$C,3,FALSE),"")) | H17: =IF(OR($D17="",$F17=""),"",$F17*$G17)
A18: =IF($D18="","","TXN-"&TEXT(ROW()-3,"0000")) | E18: =IF($D18="","",IFERROR(VLOOKUP($D18,Products!$A:$C,2,FALSE),"")) | G18: =IF($D18="","",IFERROR(VLOOKUP($D18,Products!$A:$C,3,FALSE),"")) | H18: =IF(OR($D18="",$F18=""),"",$F18*$G18)
A19: =IF($D19="","","TXN-"&TEXT(ROW()-3,"0000")) | E19: =IF($D19="","",IFERROR(VLOOKUP($D19,Products!$A:$C,2,FALSE),"")) | G19: =IF($D19="","",IFERROR(VLOOKUP($D19,Products!$A:$C,3,FALSE),"")) | H19: =IF(OR($D19="",$F19=""),"",$F19*$G19)
... A203: =IF($D203="","","TXN-"&TEXT(ROW()-3,"0000")) | E203: =IF($D203="","",IFERROR(VLOOKUP($D203,Products!$A:$C,2,FALSE),"")) | G203: =IF($D203="","",IFERROR(VLOOKUP($D203,Products!$A:$C,3,FALSE),"")) | H203: =IF(OR($D203="",$F203=""),"",$F203*$G203)
E204: TOTAL | F204: =SUM(F4:F203) | H204: =SUM(H4:H203)

Sheet Products
A1: Product | B1: Category | C1: Price
A2: Spanish Latte | B2: Coffee / Iced Drinks | C2: 160
A3: Flavored Americano | B3: Coffee / Iced Drinks | C3: 175
A4: Chocolate Java Chip Frappe | B4: Coffee / Iced Drinks | C4: 210
A5: Cheesy Bacon Fries | B5: Pica-Pica / Snacks | C5: 165
A6: Red Velvet Cake | B6: Cakes | C6: 220
A7: Sans Rival | B7: Sweet Drinks | C7: 195
A8: Chicken Alfredo Pasta | B8: Pasta | C8: 315
A9: Filipino Breakfast Danggit | B9: Rice Meals | C9: 320
